ID;title
1805d131-8ed9-4cb3-b840-0191498a232e;Workitem 1
83eb62de-82d1-4255-b8d2-45a2c17f5c08;Workitem 2
fe34011b-5b79-42a9-aaa8-c16270f8b6bf;Workitem 3
30707fc2-0d5c-4834-b882-25e6d04cba5f;Workitem 4
2d4ec477-0394-41e2-80aa-2a412fe9746f;Workitem 5
4c030e57-9e00-4112-b09c-270b5526d32b;Workitem 6
0a14630e-d3c0-49fe-9add-c830cc53ffea;Workitem 7
58c8bfd5-415a-49b7-9227-f18f4b218565;Workitem 8
d5bce33b-327d-4f07-8e30-3d764668deef;Workitem 9
57ae536c-52f2-48ff-b9d8-34717a0fe425;Workitem 10
d124525f-e62b-44b4-8f3c-8b04b3d0a0a7;Workitem 11
1a79ec05-1964-4d48-a140-43cc522f82f0;Workitem 12
bb367074-2f7e-44e0-823e-4f8185ba0123;Workitem 13
c84d241d-a780-41f3-ac93-b9aa9bdb6faf;Workitem 14
92af52af-db13-4b72-bc75-3c0fb686dc40;Workitem 15
1ebb1a1d-efec-4e4f-a194-e8aea1aaa90a;Workitem 16
917dc49f-8d4f-4d2c-a102-e59fc7092f76;Workitem 17
49d0bd7d-cbc6-4376-871d-8e696863cf2c;Workitem 18
d0348c6f-c7f0-4748-adbc-48838ab75209;Workitem 19
92aed2bc-594f-48ee-9bed-bfbd4d09d29d;Workitem 20
44b0dbea-9f5d-4d53-9a1a-5d59894d60de;Workitem 21
fcacdc21-e07e-4503-87fd-1629bafdc85c;Workitem 22
3d9f4a1e-fabf-41be-9467-cff57af1d72b;Workitem 23
456807b1-ed24-4eea-8aff-ca79129836dc;Workitem 24
6fd8c037-5e3e-48cc-81cd-8a0ba5888635;Workitem 25
c52f32b9-6e87-4167-93d3-f8917f703de2;Workitem 26
2c0c6cff-a004-45b1-a530-8f1c081b849e;Workitem 27
38795991-5462-45f1-a7fe-2a469e6117a3;Workitem 28
a630793e-c987-444f-a03f-b64f3dbba614;Workitem 29
5348e4dc-9d78-4a85-9ad1-2e9515af0b86;Workitem 30
2c07dff0-62f8-48c9-ac18-ac491a77f3ce;Workitem 31
8a665bf1-9ed9-4fe7-8158-e3ade55c8aaa;Workitem 32
d9b5d110-0d87-4c5d-a048-e31469ffcf75;Workitem 33
631ac003-e4c3-48ce-9661-cf12d3570575;Workitem 34
07ef8fea-ae8c-48be-8da5-bf8b42a1f1c0;Workitem 35
e4e348a7-3539-480f-a36d-3eceaacb233e;Workitem 36
b673e646-0481-4bd8-81a1-47f061172001;Workitem 37
a6c60347-0124-4a01-b755-0d812836304a;Workitem 38
2e3a4f2d-a92d-4b5d-a23e-486bfa186b43;Workitem 39
05c19ca0-65a3-46ac-921c-e75c6ee5bdc0;Workitem 40
40c4b038-0a55-4121-9044-c9039da78c37;Workitem 41
c3ef6eae-120c-41bd-b066-c53f93b5c632;Workitem 42
8a0347e7-f96c-4175-9762-71a090fd3f5d;Workitem 43
30563a06-73f4-4429-81a2-5ed4829f8ede;Workitem 44
dcb9fd00-c47c-4bdd-80be-31c363b618e1;Workitem 45
bc5e5818-9400-4f06-af16-07300db762f5;Workitem 46
9b007395-c6cc-4b50-94d0-169d5ba0a116;Workitem 47
294fb58f-0907-41b6-aab1-b909681f0fb2;Workitem 48
253c9bab-1a1e-4fe1-89cd-ec6e567a6eb3;Workitem 49
6e152104-2759-4c69-b4ef-7e07a28bc863;Workitem 50
2bfed8f4-27c5-4145-a02f-4b27bf8fd141;Workitem 51
dd21a75a-d1ac-4693-94e8-1902a90948f5;Workitem 52
5283a6d4-6d86-42ff-b6d8-7776fcb8683c;Workitem 53
7acd45c5-62ab-4b52-979c-b256d74999b6;Workitem 54
c66e5f9f-73a4-496b-b808-4e2677000a27;Workitem 55
8e759d61-c1aa-40ee-8ab4-73e14bb59c0e;Workitem 56
e418c167-9fc6-42df-bf37-55d8e79944df;Workitem 57
44034112-db3f-4d90-bdb0-e9b0ac37b7a1;Workitem 58
c38deb14-0c07-473e-874b-8928deec996c;Workitem 59
3547609f-aa73-4d17-ab41-85afc9da547a;Workitem 60
d303462e-bd6d-438a-9b5d-759550d6c9e2;Workitem 61
8fc847d7-bd19-4d43-8360-9496cb14c551;Workitem 62
196a7b6e-ef16-4c52-9b32-8bd54b4d1d75;Workitem 63
137fd09a-247b-4733-ad8e-0136925a9c50;Workitem 64
17caeea2-7860-442d-adac-52f88b55fcbe;Workitem 65
61a500ae-96d0-4f31-bdb4-e23d18ed9b86;Workitem 66
255843ff-fd13-4f44-8128-9ebd5806cd0f;Workitem 67
a12f9318-f404-4348-9dd0-9b6a04a67de7;Workitem 68
07b656cd-03e3-4d6b-a0a7-51ca8f4252b0;Workitem 69
bb76cb37-8379-401d-9c6b-41208cb7b708;Workitem 70
c070ecf1-18ff-4301-a0d6-3855f0e08852;Workitem 71
5493ce5e-770e-4c42-b20a-fcc85b5467de;Workitem 72
cfc0d534-9648-40ce-8fdb-3aa8eeba7be8;Workitem 73
ceb8ea0f-ad7d-48f5-938a-e26a095fe3b0;Workitem 74
3046f7b3-39ec-4c00-8112-20e789c074d6;Workitem 75
a4a008a1-0487-4987-b266-b18a22284881;Workitem 76
e54f995d-ce4e-4596-87b4-d1e24023da44;Workitem 77
fdf8fab1-cd23-415c-9552-54780106cde8;Workitem 78
7b8475bc-c6a4-45ec-8e49-91e20cb22601;Workitem 79
c714cacb-2c42-491a-b602-96a2805bc6bd;Workitem 80
223f522d-c8e9-4735-9407-0a62519c0182;Workitem 81
7165b62a-de9d-42c2-ae70-3e9b2c3695c4;Workitem 82
e2934cc2-06bd-4652-b276-7d6cdc55746a;Workitem 83
8e738783-1fa8-4353-b426-4760983326d4;Workitem 84
b3378e0f-76d0-45df-a095-24cfe6c160cd;Workitem 85
f6ef064d-b64c-4387-9371-6ea42dc58004;Workitem 86
e33f7690-1c5f-4b73-8ba0-a05f1b697de7;Workitem 87
5e338d74-a4f1-44c3-869a-911def9fef67;Workitem 88
f00b89bf-bfd4-4991-8731-0f4782fac553;Workitem 89
641bf2f6-be6a-44ee-b955-04931e8457a8;Workitem 90
e5f277cf-dd75-4a63-8b8e-e64e4e43dc95;Workitem 91
d6567a7e-a770-43a2-af98-5e23660d2e3c;Workitem 92
d20c2394-f4eb-4d84-9ecc-b5aaa96a27dc;Workitem 93
190056a0-362c-4a75-89b6-9ecd90bf822f;Workitem 94
3855f8ef-2dd1-47cd-952a-b0266962e6f0;Workitem 95
531ac0db-5ca4-4a15-8063-ad0ecf56cf5d;Workitem 96
6747cb75-41d1-49f1-b630-f6b3e0772b4c;Workitem 97
e7f39823-89a2-4b39-8d68-6adbf74e3be6;Workitem 98
1fda4833-c31b-403f-940f-bff003cf902a;Workitem 99
a513b132-c44a-423c-9635-6ced205b4c01;Workitem 100
cde33bc6-8cb7-4145-ba45-a51876641786;Workitem 101
b8b1115e-5705-4f01-8abd-ed5a034c6f60;Workitem 102
ad961627-4a01-4cb5-93ba-4c0ee9e5214d;Workitem 103
d22947e3-4119-4a97-9315-a6a55968485e;Workitem 104
41ffd641-e5a0-4761-a093-3ac3a5704329;Workitem 105
ae352bd8-6dae-4c46-af87-9c2ca44168e2;Workitem 106
7f7e3eaf-a141-425c-879b-68faeae7edf1;Workitem 107
6cc1086a-efe2-4754-9bf8-014b36799d43;Workitem 108
445f1f11-377e-4419-94ab-64bc4b06e090;Workitem 109
ca066383-c46e-4ec8-aa1c-4a56b7f7d2a0;Workitem 110
996f5107-134e-4a9e-a08e-5a2aaafef733;Workitem 111
78dfa6f9-f673-4069-b895-8fbb9dda80f4;Workitem 112
c439d3e8-3134-430a-9005-25ded9caceaa;Workitem 113
9d453962-611f-4809-8ef9-9dbd45abb0ad;Workitem 114
4159fac8-c4a9-4b9c-9c86-6b42c7b90171;Workitem 115
94ad620e-fe9d-43bf-844d-7c19f0ff94d3;Workitem 116
f1c9fdad-aacd-4079-8cad-c4882a0768f7;Workitem 117
428ed975-6d92-4097-a944-a7bd990db1d0;Workitem 118
ab35e831-4911-4897-9beb-1b2662205b84;Workitem 119
ea44deb4-9560-4275-8a4f-df852fb47b6e;Workitem 120
e4d45feb-c794-4ca2-8134-e797923ff4ce;Workitem 121
8f7dd92b-0eb0-4aad-acc2-e6af8add71be;Workitem 122
09eca32f-4cc0-4af4-91f4-2792bb430527;Workitem 123
76216aa6-a6a6-40b5-a2cb-a4d4d886324a;Workitem 124
2761082c-2857-48de-9c3d-fe6388408e26;Workitem 125
ecfcc91a-292f-4490-80b3-1429f6a4ebc5;Workitem 126
e981e1be-6917-4930-ab4e-eb6ce0b71c5b;Workitem 127
c7b3f9d9-187d-4931-824a-3ef8609c19a9;Workitem 128
0ad5c232-d18c-4740-b36f-02327649e745;Workitem 129
7aea28c4-652c-4e9b-bd7b-40aabf4da734;Workitem 130
9d7442d4-fbfe-4ea7-8730-8910f70f2f6b;Workitem 131
ad8b5316-37fa-43e2-a464-d59da8e1d754;Workitem 132
a91271e5-f20e-4d5f-98ac-ee5f376bc707;Workitem 133
dd76004e-7920-435b-b68d-44b6031a4838;Workitem 134
b228d7d2-843f-4d6f-9fca-38bca6098d22;Workitem 135
96a1f08a-0ac5-40b3-aca7-e64a702e5c30;Workitem 136
fd4e79fc-a04b-45a9-952a-99c441cda6ad;Workitem 137
efa4550e-73d4-4500-af4e-b14bb3a7a393;Workitem 138
7baa8624-1b83-47ee-876c-25bd02681433;Workitem 139
cd24965d-5656-413b-9ec2-b0f49edc160c;Workitem 140
80e2f78e-a919-4a2a-a80a-8d7dc0b5afe7;Workitem 141
acd7474d-ba90-4116-ac74-7b178d53ef40;Workitem 142
1f6e00d9-7fea-48f9-8be5-1f144e270d4f;Workitem 143
e6b6835a-d241-4315-8bbd-0489957357f8;Workitem 144
f345f9a7-edd7-4130-bb58-14b6e203526b;Workitem 145
9e1e3daa-763f-4ecd-ada9-d99b301e84fb;Workitem 146
e7872bd4-5f18-4401-a47c-1006ead7e69f;Workitem 147
80f35fda-dd11-4f3f-967c-bea5ebe06c18;Workitem 148
74b269c3-759c-4410-bf08-1fca147e115e;Workitem 149
5c41d519-f735-40b1-bf48-cacd6b7096b5;Workitem 150
4938014a-b4be-4be6-9d0b-d26f1997c390;Workitem 151
13357222-02d0-4056-8ed3-7d422b8f15f1;Workitem 152
524d4045-5db2-41fe-9800-4923e4626a71;Workitem 153
4daabbf4-c55f-4f3b-9568-37eec3f5b910;Workitem 154
d0dfde9c-3d92-49f3-bebd-c370c9439927;Workitem 155
